source_page,dictionary_name,word,phonetic,part_of_speech_raw,part_of_speech_code,meaning_vi,is_subentry,example_en,example_vi,image_path,reviewed
1398,Military Dictionary,BATS (ballistic aerial target system),,,,tổ hợp mục tiêu tên lửa đạn đạo trên không,FALSE,,,img_1398.jpg,FALSE
1398,Military Dictionary,BATS (battle area tactical scenario),,,,phương án xử trí tình huống chiến thuật khu vực chiến đấu; phương án xử trí tình huống (chiến đấu) trong khu vực phòng ngự,FALSE,,,img_1398.jpg,FALSE
1398,Military Dictionary,BATS (battle area tactical simulation),,,,sự mô phỏng tình huống chiến thuật khu vực chiến đấu; sự mô phỏng tình huống (chiến đấu) trong khu vực phòng ngự,FALSE,,,img_1398.jpg,FALSE
1398,Military Dictionary,BATT (battalion army training test),,,,kiểm tra huấn luyện tiểu đoàn lục quân,FALSE,,,img_1398.jpg,FALSE
1398,Military Dictionary,BB (Bailey bridge),,,,"cầu lắp ghép bằng kim loại Beli, cầu thép cơ động Beli, cầu Beli",FALSE,,,img_1398.jpg,FALSE
1398,Military Dictionary,BB (bomb),,,,bom,FALSE,,,img_1398.jpg,FALSE
1398,Military Dictionary,BB (breakbulk),,,,hàng hoá quá cỡ,FALSE,,,img_1398.jpg,FALSE
1398,Military Dictionary,BB (base bleed),,,,trích khí đáy (đạn),FALSE,,,img_1398.jpg,FALSE
1398,Military Dictionary,BB (base burn),,,,phụt lửa đáy (đạn),FALSE,,,img_1398.jpg,FALSE
1398,Military Dictionary,BB (battleship),,,,"tàu chủ lực, thiết giáp hạm",FALSE,,,img_1398.jpg,FALSE
1398,Military Dictionary,BB (blowback),,,,(vận hành bằng) luồng hơi phụt hậu,FALSE,,,img_1398.jpg,FALSE
1398,Military Dictionary,BBC (broad-band chaff),,,,nhiễu (tiêu cực) băng tần rộng,FALSE,,,img_1398.jpg,FALSE
1398,Military Dictionary,BBC (built-in ballistic computer),,,,"máy tính đường đạn lắp liền, máy tính thuật phóng lắp liền",FALSE,,,img_1398.jpg,FALSE
1398,Military Dictionary,BBE (bridge boat erection),,,,dựng cầu phao,FALSE,,,img_1398.jpg,FALSE
1398,Military Dictionary,BBGT (brigade & battle group trainer),,,,thiết bị huấn luyện lữ đoàn và chiến đoàn,FALSE,,,img_1398.jpg,FALSE
1398,Military Dictionary,BBH (battalion beachhead),,,,"vị trí đầu cầu đổ bộ (đường biển) của tiểu đoàn, khu vực đổ quân của tiểu đoàn; bãi đổ quân đổ bộ (đường biển) của tiểu đoàn",FALSE,,,img_1398.jpg,FALSE
1398,Military Dictionary,Bbr (bomber),,,,"máy bay ném bom, máy bay cường kích",FALSE,,,img_1398.jpg,FALSE
1398,Military Dictionary,BBS (brigade & battalion simulation),,,,thiết bị mô phỏng cấp lữ đoàn và tiểu đoàn (tình huống chiến đấu),FALSE,,,img_1398.jpg,FALSE
1398,Military Dictionary,BBU (base bleed unit),,,,khối trích khí đáy (đạn),FALSE,,,img_1398.jpg,FALSE
1398,Military Dictionary,BC (battery commander),,,,đại đội trưởng pháo binh; (Mỹ) khẩu đội trưởng pháo binh,FALSE,,,img_1398.jpg,FALSE
1398,Military Dictionary,BC (Bomber Command),,,,"bộ tư lệnh không quân ném bom, bộ chỉ huy máy bay ném bom",FALSE,,,img_1398.jpg,FALSE
1398,Military Dictionary,BC/WC (ballistic computer/weapon controller),,,,máy tính đường đạn / bộ điều khiển vũ khí,FALSE,,,img_1398.jpg,FALSE
1398,Military Dictionary,BCA (buoyant cable antenna),,,,anten cáp phao (nổi),FALSE,,,img_1398.jpg,FALSE
1398,Military Dictionary,BCAR (British Civil Airworthiness Requirements),,,,"(Anh) các quy tắc tính khả phi của hàng không dân dụng, quy tắc chuẩn bị bay của hàng không dân dụng",FALSE,,,img_1398.jpg,FALSE
1398,Military Dictionary,BCAT (beddown capability assessment tool),,,,công cụ đánh giá khả năng trú quân,FALSE,,,img_1398.jpg,FALSE
1398,Military Dictionary,BCAU (backup control & audio unit),,,,khối điều khiển và truyền thanh dự phòng,FALSE,,,img_1398.jpg,FALSE
1398,Military Dictionary,BCB (broadband communication bus),,,,tuyến thông tin liên lạc băng tần rộng,FALSE,,,img_1398.jpg,FALSE
1398,Military Dictionary,BCC (battery control centre),,,,trung tâm chỉ huy đại đội pháo binh,FALSE,,,img_1398.jpg,FALSE
1398,Military Dictionary,BCD (battlefield coordination detachment),,,,đội hiệp đồng tác chiến trên chiến trường,FALSE,,,img_1398.jpg,FALSE
1398,Military Dictionary,BCD (binary coded decimal),,,,số thập phân mã hóa nhị phân,FALSE,,,img_1398.jpg,FALSE
1398,Military Dictionary,BCE (battlefield control element),,,,"thành phần chỉ huy chiến trường, bộ phận chỉ huy chiến trường",FALSE,,,img_1398.jpg,FALSE
1398,Military Dictionary,Bcl Msgr (bicycle messenger),,,,liên lạc viên đi xe đạp,FALSE,,,img_1398.jpg,FALSE
1398,Military Dictionary,BCM (basic combat maneuvering),,,,cơ động chiến đấu cơ bản,FALSE,,,img_1398.jpg,FALSE
1398,Military Dictionary,BCN (beacon),,,,đèn biển; tín hiệu hỗ trợ định hướng,FALSE,,,img_1398.jpg,FALSE
1398,Military Dictionary,BCN (beacon radar mode),,,,chế độ móc rađa,FALSE,,,img_1398.jpg,FALSE
1398,Military Dictionary,BCOC (base cluster operations center),,,,trung tâm chỉ huy tác chiến cụm căn cứ,FALSE,,,img_1398.jpg,FALSE
1398,Military Dictionary,BCP (battery command post),,,,đài chỉ huy đại đội pháo binh,FALSE,,,img_1398.jpg,FALSE
1398,Military Dictionary,BCR (baseline change request),,,,yêu cầu thay đổi tuyến cơ sở,FALSE,,,img_1398.jpg,FALSE
1398,Military Dictionary,BCR (bomblets cargo round),,,,"đạn mang đạn con, đạn mẹ",FALSE,,,img_1398.jpg,FALSE
1399,Military Dictionary,BCS (ballistic computer system),,,,tổ hợp máy tính đường đạn,FALSE,,,img_1399.jpg,FALSE
1399,Military Dictionary,BCS (battery computer system),,,,tổ hợp máy tính phần tử bắn của đại đội pháo binh,FALSE,,,img_1399.jpg,FALSE
1399,Military Dictionary,BCST (broadcast),,,,phát thanh,FALSE,,,img_1399.jpg,FALSE
1399,Military Dictionary,BCT (basic combat training),,,,khoá huấn luyện chiến đấu cơ bản; sự huấn luyện chiến đấu cơ bản,FALSE,,,img_1399.jpg,FALSE
1399,Military Dictionary,BCT (battlefield command terminal),,,,trạm thông tin liên lạc đầu cuối của bộ tư lệnh mặt trận,FALSE,,,img_1399.jpg,FALSE
1399,Military Dictionary,BCT (battlefield command trainer),,,,thiết bị huấn luyện chỉ huy (cấp) chiến thuật,FALSE,,,img_1399.jpg,FALSE
1399,Military Dictionary,BCT (Brigade Combat Team),,,,(US) đội chiến đấu thuộc lữ đoàn (Mỹ); đội chiến đấu cấp lữ đoàn,FALSE,,,img_1399.jpg,FALSE
1399,Military Dictionary,BCTP (battle command training program),,,,chương trình huấn luyện chỉ huy chiến đấu,FALSE,,,img_1399.jpg,FALSE
1399,Military Dictionary,BCU (battery computer unit),,,,khối máy tính phần tử bắn của đại đội pháo binh,FALSE,,,img_1399.jpg,FALSE
1399,Military Dictionary,BCU (beach clearance unit),,,,đơn vị phá gỡ vật cản bãi đổ bộ đường biển,FALSE,,,img_1399.jpg,FALSE
1399,Military Dictionary,BCV (Battle Command Vehicle),,,,xe chỉ huy chiến đấu; tàu chỉ huy chiến đấu; máy bay chỉ huy chiến đấu,FALSE,,,img_1399.jpg,FALSE
1399,Military Dictionary,BCW (binary chemical warhead),,,,đầu đạn hóa học hai thành phần,FALSE,,,img_1399.jpg,FALSE
1399,Military Dictionary,BD (base detonating),,,,"ngòi nổ đáy, ngòi đáy; kích nổ đáy",FALSE,,,img_1399.jpg,FALSE
1399,Military Dictionary,BD (battle dress),,,,"quân phục dã chiến, quân phục chiến đấu",FALSE,,,img_1399.jpg,FALSE
1399,Military Dictionary,Bd (boundary),,,,"đường biên giới, ranh giới",FALSE,,,img_1399.jpg,FALSE
1399,Military Dictionary,BDA (battle damage assessment),,,,sự đánh giá tổn thất chiến đấu,FALSE,,,img_1399.jpg,FALSE
1399,Military Dictionary,BDA (bomb damage assessment),,,,sự đánh giá kết quả ném bom,FALSE,,,img_1399.jpg,FALSE
1399,Military Dictionary,BDAR (battle damage assessment and repair),,,,sự đánh giá thiệt hại và sửa chữa tại chiến trường,FALSE,,,img_1399.jpg,FALSE
1399,Military Dictionary,BDC (bottom dead center),,,,điểm chết dưới,FALSE,,,img_1399.jpg,FALSE
1399,Military Dictionary,Bde; BDE (brigade),,,,lữ đoàn,FALSE,,,img_1399.jpg,FALSE
1399,Military Dictionary,bde avn plat (brigade aviation platoon),,,,trung đội không quân của lữ đoàn,FALSE,,,img_1399.jpg,FALSE
1399,Military Dictionary,Bde Maj (brigade major),,,,(Anh) trưởng ban trinh sát - tác chiến lữ đoàn,FALSE,,,img_1399.jpg,FALSE
1399,Military Dictionary,BDGT (budget),,,,ngân sách,FALSE,,,img_1399.jpg,FALSE
1399,Military Dictionary,BDL (beach discharge lighter),,,,đèn chiếu sáng bãi đổ bộ,FALSE,,,img_1399.jpg,FALSE
1399,Military Dictionary,BDM (ballistic defense missile),,,,tên lửa đánh chặn tên lửa đạn đạo,FALSE,,,img_1399.jpg,FALSE
1399,Military Dictionary,BDOC (base defense operations center),,,,trung tâm chỉ huy tác chiến phòng thủ căn cứ,FALSE,,,img_1399.jpg,FALSE
1399,Military Dictionary,BDR (battle damage repair),,,,sửa chữa hư hỏng trong chiến đấu (vũ khí trang bị),FALSE,,,img_1399.jpg,FALSE
1399,Military Dictionary,Bdr (bombardier),,,,nhân viên cắt bom; thiết bị cắt bom (trên máy bay),FALSE,,,img_1399.jpg,FALSE
1399,Military Dictionary,bdry; bdy (boundary),,,,"đường biên giới, ranh giới",FALSE,,,img_1399.jpg,FALSE
1399,Military Dictionary,BDU (battle dress uniform),,,,quân phục chiến đấu,FALSE,,,img_1399.jpg,FALSE
1399,Military Dictionary,BDV (breakdown voltage),,,,hiệu điện thế đánh thủng,FALSE,,,img_1399.jpg,FALSE
1399,Military Dictionary,BDZ (base defense zone),,,,khu vực phòng thủ căn cứ,FALSE,,,img_1399.jpg,FALSE
1399,Military Dictionary,BE (base ejection),,,,sự phụt khí qua đáy đạn,FALSE,,,img_1399.jpg,FALSE
1399,Military Dictionary,BE (basic encyclopedia),,,,bản tổng hợp dữ liệu cơ bản,FALSE,,,img_1399.jpg,FALSE
1399,Military Dictionary,BE (Belgium),,,,Bỉ,FALSE,,,img_1399.jpg,FALSE
1399,Military Dictionary,BE-12 (Soviet amphibious patrol aircraft),,,,thuỷ phi cơ tuần tiễu Liên Xô BE-12,FALSE,,,img_1399.jpg,FALSE
1399,Military Dictionary,BEES (basic ECM environment simulator),,,,thiết bị cơ bản (để) mô phỏng trang bị kỹ thuật bảo đảm chống tác chiến điện tử,FALSE,,,img_1399.jpg,FALSE
1399,Military Dictionary,BEF (British Expeditionary Force),,,,lực lượng viễn chinh Anh,FALSE,,,img_1399.jpg,FALSE
1399,Military Dictionary,BEN (base encyclopedia number),,,,số lượng tổng hợp dữ liệu cơ sở,FALSE,,,img_1399.jpg,FALSE
1399,Military Dictionary,BER (bit error ratio),,,,tỉ lệ sai số bit,FALSE,,,img_1399.jpg,FALSE
1399,Military Dictionary,BET (best estimated trajectory),,,,quỹ đạo (bay) tính toán tối ưu,FALSE,,,img_1399.jpg,FALSE
1399,Military Dictionary,BETA (battlefield exploitation & target acquisition),,,,(thiết bị) sục sạo và bắt bám mục tiêu chiến thuật,FALSE,,,img_1399.jpg,FALSE
1400,Military Dictionary,BF (base fuzed),,,,kích nổ đáy đạn,FALSE,,,img_1400.jpg,FALSE
1400,Military Dictionary,BF (British Forces),,,,"lực lượng vũ trang Anh, lực lượng quân sự Anh",FALSE,,,img_1400.jpg,FALSE
1400,Military Dictionary,BFA (blank firing attachment),,,,dụng cụ để bắn đạn giả của súng liên thanh,FALSE,,,img_1400.jpg,FALSE
1400,Military Dictionary,BFD (bearing/frequency display),,,,sự hiển thị phương vị / tần số (trên màn hình),FALSE,,,img_1400.jpg,FALSE
1400,Military Dictionary,BFDC (battalion fire distribution center),,,,trung tâm phân chia hoả lực tiểu đoàn,FALSE,,,img_1400.jpg,FALSE
1400,Military Dictionary,BFPO (British Forces Post Office),,,,"cục bưu điện quân đội Anh, ngành quân bưu Anh",FALSE,,,img_1400.jpg,FALSE
1400,Military Dictionary,BFTA (bulk fuel tank assembly),,,,thùng nhiên liệu chính,FALSE,,,img_1400.jpg,FALSE
1400,Military Dictionary,BFV (Bratley fighting vehicle),,,,xe chiến đấu Brátlây,FALSE,,,img_1400.jpg,FALSE
1400,Military Dictionary,BFVS (Bradley fighting vehicle system),,,,hệ thống xe chiến đấu Brátlây,FALSE,,,img_1400.jpg,FALSE
1400,Military Dictionary,BG (battle group),,,,chiến đoàn; cụm chiến đấu,FALSE,,,img_1400.jpg,FALSE
1400,Military Dictionary,BG (beach group),,,,"nhóm bờ biển, nhóm bảo đảm đổ bộ, nhóm phục vụ khu vực đổ bộ đường biển",FALSE,,,img_1400.jpg,FALSE
1400,Military Dictionary,BG (brigadier general),,,,chuẩn tướng,FALSE,,,img_1400.jpg,FALSE
1400,Military Dictionary,BGC (boat group commander),,,,tư lệnh (trưởng) cụm phương tiện đổ bộ (đường biển),FALSE,,,img_1400.jpg,FALSE
1400,Military Dictionary,BGLT (battle group landing team),,,,"nhóm dọn bãi của chiến đoàn đổ bộ, nhóm chiếm giữ khu vực đổ bộ",FALSE,,,img_1400.jpg,FALSE
1400,Military Dictionary,bgr (bombing and gunnery range),,,,tầm bắn và ném bom,FALSE,,,img_1400.jpg,FALSE
1400,Military Dictionary,BHD; bhd (beachhead),,,,"căn cứ đầu cầu đổ bộ, vị trí đầu cầu đổ bộ, vị trí bàn đạp đổ bộ, bãi đổ quân đổ bộ đường biển",FALSE,,,img_1400.jpg,FALSE
1400,Military Dictionary,Bhd (bulkhead),,,,vách ngăn (tàu),FALSE,,,img_1400.jpg,FALSE
1400,Military Dictionary,BHP (brake horse power),,,,công suất hãm (tính bằng mã lực),FALSE,,,img_1400.jpg,FALSE
1400,Military Dictionary,BI (battle injury),,,,thương tích trong chiến đấu; bị thương trong chiến đấu,FALSE,,,img_1400.jpg,FALSE
1400,Military Dictionary,BIA (Bureau of Indian Affairs),,,,cục các vấn đề về người Anhđiêng,FALSE,,,img_1400.jpg,FALSE
1400,Military Dictionary,BIAS (Battlefield Illumination Assistance System),,,,hệ thống hỗ trợ chiếu sáng chiến trường,FALSE,,,img_1400.jpg,FALSE
1400,Military Dictionary,BIB (baby incendiary bomb),,,,bom cháy cỡ nhỏ,FALSE,,,img_1400.jpg,FALSE
1400,Military Dictionary,BIDDS (Base Information Digital Distribution System),,,,hệ thống phân phối thông tin kỹ thuật số cơ sở,FALSE,,,img_1400.jpg,FALSE
1400,Military Dictionary,BIDE (basic identity data element),,,,thành phần dữ liệu nhận diện cơ bản,FALSE,,,img_1400.jpg,FALSE
1400,Military Dictionary,BIII (International Time Bureau (Bureau International d'l'Heure)),,,,văn phòng về giờ quốc tế,FALSE,,,img_1400.jpg,FALSE
1400,Military Dictionary,BIO; biol (biological),,,,(thuộc) sinh học,FALSE,,,img_1400.jpg,FALSE
1400,Military Dictionary,biol agt (biological agent),,,,chất độc sinh học,FALSE,,,img_1400.jpg,FALSE
1400,Military Dictionary,BIOLDEF (biological defense),,,,phòng chống sinh học,FALSE,,,img_1400.jpg,FALSE
1400,Military Dictionary,BIOLOP (biological operations),,,,sự sử dụng vũ khí sinh học; tác chiến bằng vũ khí sinh học,FALSE,,,img_1400.jpg,FALSE
1400,Military Dictionary,BIOLWPN (biological weapons),,,,vũ khí sinh học; phương tiện chiến tranh sinh học,FALSE,,,img_1400.jpg,FALSE
1400,Military Dictionary,BIOLWPNSYS (biological weapon system),,,,"hệ thống vũ khí sinh học, tổ hợp các phương tiện chiến tranh sinh học",FALSE,,,img_1400.jpg,FALSE
1400,Military Dictionary,biowar (biological warfare),,,,chiến tranh sinh học; tác chiến sinh học,FALSE,,,img_1400.jpg,FALSE
1400,Military Dictionary,BIRADS (bistatic receiver and display system),,,,tổ hợp thu và hiển thị (trên màn hình) hai trạm,FALSE,,,img_1400.jpg,FALSE
1400,Military Dictionary,BISS (base installation security system),,,,hệ thống bảo đảm an toàn kho tàng trong căn cứ,FALSE,,,img_1400.jpg,FALSE
1400,Military Dictionary,BIST (built-in self test),,,,tự đo kiểm bằng dụng cụ lắp liền (trên máy),FALSE,,,img_1400.jpg,FALSE
1400,Military Dictionary,BIT (built-in test),,,,đo kiểm bằng dụng cụ lắp liền (trên máy),FALSE,,,img_1400.jpg,FALSE
1400,Military Dictionary,BITE (built-in test equipment),,,,thiết bị đo kiểm lắp liền trên máy bay; thiết bị đo kiểm đi kèm,FALSE,,,img_1400.jpg,FALSE
1400,Military Dictionary,BIU (beach interface unit),,,,đơn vị phân giới khu vực đổ bộ đường biển,FALSE,,,img_1400.jpg,FALSE
1400,Military Dictionary,biv (bivouac),,,,"trại dã chiến, khu vực bố trí dã chiến, nơi đóng quân dã chiến",FALSE,,,img_1400.jpg,FALSE
1401,Military Dictionary,bkry (bakery),,,,bếp ăn,FALSE,,,img_1401.jpg,FALSE
1401,Military Dictionary,BKS; bks (barracks),,,,"vị trí đóng quân, doanh trại; trại lính",FALSE,,,img_1401.jpg,FALSE
1401,Military Dictionary,BL (battery leader),,,,đại đội trưởng pháo binh,FALSE,,,img_1401.jpg,FALSE
1401,Military Dictionary,BL (blank),,,,"vị trí trống, chỗ trống; (lỗ) tâm của đầu ngắm vòng; (đạn) giả, đạn không đầu",FALSE,,,img_1401.jpg,FALSE
1401,Military Dictionary,BL (bombline),,,,tuyến ném bom,FALSE,,,img_1401.jpg,FALSE
1401,Military Dictionary,BL (breech-loading),,,,sự nạp (đạn) bằng khóa nòng,FALSE,,,img_1401.jpg,FALSE
1401,Military Dictionary,BL gun (breech loading gun),,,,súng nạp đạn bằng khóa nòng,FALSE,,,img_1401.jpg,FALSE
1401,Military Dictionary,BLCP (beach lighterage control point),,,,điểm kiểm soát sà lan chở hàng trên bến,FALSE,,,img_1401.jpg,FALSE
1401,Military Dictionary,BICS (battlefield information control system),,,,hệ thống kiểm soát thông tin (cấp) chiến thuật,FALSE,,,img_1401.jpg,FALSE
1401,Military Dictionary,BLDG (building),,,,công trình xây dựng; nhà cửa,FALSE,,,img_1401.jpg,FALSE
1401,Military Dictionary,BIDS (battlefield information distribution system),,,,hệ thống phân phối thông tin (cấp) chiến thuật,FALSE,,,img_1401.jpg,FALSE
1401,Military Dictionary,BLDSHIPREP (blood shipment report),,,,báo cáo việc chuyên chở tiếp tế máu,FALSE,,,img_1401.jpg,FALSE
1401,Military Dictionary,BLEU system (blind landing experimental unit system),,,,hệ thống thiết bị thử nghiệm hạ cánh bằng khí cụ,FALSE,,,img_1401.jpg,FALSE
1401,Military Dictionary,BIFF (battlefield identification friend or foe),,,,sự nhận biết địch - ta (cấp) chiến thuật,FALSE,,,img_1401.jpg,FALSE
1401,Military Dictionary,BLL (billet),,,,nhà ở,FALSE,,,img_1401.jpg,FALSE
1401,Military Dictionary,BLM (Bureau of Land Management),,,,cục quản lý đất đai,FALSE,,,img_1401.jpg,FALSE
1401,Military Dictionary,BIM (ballistic intercept missile),,,,tên lửa đánh chặn tên lửa đạn đạo,FALSE,,,img_1401.jpg,FALSE
1401,Military Dictionary,BLN (balloon),,,,"khí cầu, bóng thám không",FALSE,,,img_1401.jpg,FALSE
1401,Military Dictionary,BLOS (beyond line of sight),,,,nằm ngoài tầm ngắm; nằm ngoài tuyến quan sát,FALSE,,,img_1401.jpg,FALSE
1401,Military Dictionary,BIP (blown in place),,,,kích nổ tại chỗ (bãi mìn),FALSE,,,img_1401.jpg,FALSE
1401,Military Dictionary,BLS (beach landing site),,,,vị trí bãi đổ bộ đường biển,FALSE,,,img_1401.jpg,FALSE
1401,Military Dictionary,BLT (battalion landing team),,,,nhóm đổ bộ của tiểu đoàn; cụm đổ bộ cấp tiểu đoàn,FALSE,,,img_1401.jpg,FALSE
1401,Military Dictionary,BL-T (blank tracer),,,,đạn vạch đường giả,FALSE,,,img_1401.jpg,FALSE
1401,Military Dictionary,BLU (bomb live unit),,,,khối chiến đấu trong bom,FALSE,,,img_1401.jpg,FALSE
1401,Military Dictionary,BM (ballistic missile),,,,"tên lửa đạn đạo, tên lửa đường đạn",FALSE,,,img_1401.jpg,FALSE
1401,Military Dictionary,BM (battle management),,,,sự điều hành chiến đấu,FALSE,,,img_1401.jpg,FALSE
1401,Military Dictionary,BM (beachmaster),,,,người chỉ huy trạm đổ quân đổ bộ đường biển; sĩ quan chuyên trách về bảo đảm bãi đổ bộ đường biển,FALSE,,,img_1401.jpg,FALSE
1401,Military Dictionary,BM (brigade major),,,,(Anh) trưởng ban trinh sát lữ đoàn; trưởng ban tác chiến - trinh sát (cơ quan tham mưu) lữ đoàn,FALSE,,,img_1401.jpg,FALSE
1401,Military Dictionary,BMA (beach maintenance area),,,,khu vực bảo đảm bờ biển (cho đổ bộ đường biển),FALSE,,,img_1401.jpg,FALSE
1401,Military Dictionary,BMB (Ballistic Missile Branch),,,,ngành tên lửa đạn đạo,FALSE,,,img_1401.jpg,FALSE
1401,Military Dictionary,BMC (Ballistic Missile Center),,,,trung tâm tên lửa đạn đạo,FALSE,,,img_1401.jpg,FALSE
1401,Military Dictionary,BMC (Ballistic Missile Committee),,,,ủy ban tên lửa đạn đạo,FALSE,,,img_1401.jpg,FALSE
1401,Military Dictionary,"BMC3 (Battle Management Command, Control and Communications)",,,,"quản lý chỉ huy, kiểm soát và thông tin liên lạc chiến đấu",FALSE,,,img_1401.jpg,FALSE
1401,Military Dictionary,"BMC4I (Battle Management Command, Control, Communications, Computers, and Intelligence)",,,,"quản lý chỉ huy, kiểm soát, thông tin liên lạc, máy tính và tình báo chiến đấu",FALSE,,,img_1401.jpg,FALSE
1401,Military Dictionary,BMCO (Ballistic Missile Construction Office),,,,cục xây dựng căn cứ tên lửa đạn đạo,FALSE,,,img_1401.jpg,FALSE
1401,Military Dictionary,BMCT (begin morning civil twilight),,,,thời điểm bắt đầu bình minh dân sự,FALSE,,,img_1401.jpg,FALSE
1401,Military Dictionary,BMD (ballistic missile defence),,,,"sự phòng thủ tên lửa đạn đạo, sự phòng chống tên lửa đường đạn",FALSE,,,img_1401.jpg,FALSE
1401,Military Dictionary,BMD (Ballistic Missile Division),,,,sư đoàn tên lửa đạn đạo,FALSE,,,img_1401.jpg,FALSE
1401,Military Dictionary,BMD (Boyevaya mashina desantnya (airborne fighting vehicle)),,,,(Nga) xe chiến đấu đổ bộ đường không,FALSE,,,img_1401.jpg,FALSE
1402,Military Dictionary,BMDC (Ballistic Missile Defense Committee),,,,uỷ ban phòng thủ tên lửa đạn đạo,FALSE,,,img_1402.jpg,FALSE
1402,Military Dictionary,BMDCP (Battalion Mortar and Davy Crockett Platoon),,,,trung đội pháo cối và tên lửa Đavi Crôkét (trong tiểu đoàn),FALSE,,,img_1402.jpg,FALSE
1402,Military Dictionary,BMD-FO (Ballistic Missile Division-Field Office),,,,phòng dã chiến cục tên lửa đạn đạo,FALSE,,,img_1402.jpg,FALSE
1402,Military Dictionary,BMDO (Ballistic Missile Defense Organization),,,,tổ chức phòng thủ tên lửa đạn đạo,FALSE,,,img_1402.jpg,FALSE
1402,Military Dictionary,bmdr (bombardier),,,,(Anh) hạ sĩ pháo binh; (Mỹ) nhân viên cắt bom,FALSE,,,img_1402.jpg,FALSE
1402,Military Dictionary,BMDS (ballistic missile defense system),,,,hệ thống phòng thủ tên lửa đạn đạo,FALSE,,,img_1402.jpg,FALSE
1402,Military Dictionary,BMDSCOM (Ballistic Missile Defence Systems Command),,,,(Mỹ) bộ tư lệnh các hệ thống phòng thủ tên lửa đạn đạo,FALSE,,,img_1402.jpg,FALSE
1402,Military Dictionary,BMDSS (ballistic missile defense support system),,,,hệ thống bảo đảm phòng thủ tên lửa đạn đạo,FALSE,,,img_1402.jpg,FALSE
1402,Military Dictionary,BMEWS (ballistic missile early warning system),,,,"hệ thống phát hiện từ xa tên lửa đạn đạo, hệ thống cảnh báo sớm tên lửa đạn đạo",FALSE,,,img_1402.jpg,FALSE
1402,Military Dictionary,BMNT (begining of morning nautical twilight),,,,thời điểm bắt đầu bình minh hàng hải,FALSE,,,img_1402.jpg,FALSE
1402,Military Dictionary,BMO (Ballistic Missile Office),,,,viện nghiên cứu tên lửa đạn đạo,FALSE,,,img_1402.jpg,FALSE
1402,Military Dictionary,"BMP (boevaya mashina pekhoty (armored vehicle, infantry))",,,,(Nga) xe chiến đấu bộ binh BMP,FALSE,,,img_1402.jpg,FALSE
1402,Military Dictionary,BMR; bmr (bomber),,,,"máy bay ném bom, máy bay cường kích",FALSE,,,img_1402.jpg,FALSE
1402,Military Dictionary,"BMRA (brigade major, Royal Artillery)",,,,(Anh) trưởng ban trinh sát tác chiến lữ đoàn pháo binh,FALSE,,,img_1402.jpg,FALSE
1402,Military Dictionary,BMS (ballistic missile specification),,,,thông số kỹ thuật tên lửa đạn đạo,FALSE,,,img_1402.jpg,FALSE
1402,Military Dictionary,BMS (battalion mortar system),,,,tổ hợp súng cối (cấp) tiểu đoàn,FALSE,,,img_1402.jpg,FALSE
1402,Military Dictionary,BMS (battlefield maintenance system),,,,hệ thống bảo dưỡng (cấp) chiến thuật,FALSE,,,img_1402.jpg,FALSE
1402,Military Dictionary,BMTS (ballistic missile target system),,,,hệ thống mục tiêu (huấn luyện bắn) tên lửa đạn đạo,FALSE,,,img_1402.jpg,FALSE
1402,Military Dictionary,BMU (beachmaster unit),,,,đơn vị chuyên trách bảo đảm bãi đổ bộ,FALSE,,,img_1402.jpg,FALSE
1402,Military Dictionary,BN; bn (battalion),,,,tiểu đoàn,FALSE,,,img_1402.jpg,FALSE
1402,Military Dictionary,BN HQ (battalion headquarters),,,,sở chỉ huy tiểu đoàn; ban chỉ huy tiểu đoàn,FALSE,,,img_1402.jpg,FALSE
1402,Military Dictionary,BNES (British Nuclear Energy Society),,,,hội năng lượng hạt nhân Anh,FALSE,,,img_1402.jpg,FALSE
1402,Military Dictionary,BO (bad order),,,,toa xe cũ hỏng,FALSE,,,img_1402.jpg,FALSE
1402,Military Dictionary,BOB (bureau of the budget),,,,phòng ngân sách,FALSE,,,img_1402.jpg,FALSE
1402,Military Dictionary,BOBS (beacon-only bombing system),,,,hệ thống ném bom theo vật chuẩn,FALSE,,,img_1402.jpg,FALSE
1402,Military Dictionary,BOC (base operations centre),,,,trung tâm chỉ huy tác chiến cơ bản,FALSE,,,img_1402.jpg,FALSE
1402,Military Dictionary,BOCCA (Bureau of Coordination of Civil Aircraft),,,,(NATO) cục điều phối máy bay dân sự NATO,FALSE,,,img_1402.jpg,FALSE
1402,Military Dictionary,BOCV (battery operations centre vehicle),,,,xe chỉ huy tác chiến của đại đội pháo binh,FALSE,,,img_1402.jpg,FALSE
1402,Military Dictionary,BOG (beach operations group),,,,cụm tác chiến bảo đảm bãi đổ bộ,FALSE,,,img_1402.jpg,FALSE
1402,Military Dictionary,BOH (bottom of hill),,,,chân đồi,FALSE,,,img_1402.jpg,FALSE
1402,Military Dictionary,BOI (basis of issue),,,,bảng biên chế định mức tiếp tế,FALSE,,,img_1402.jpg,FALSE
1402,Military Dictionary,BOL (bearing only launch),,,,sự phóng theo phương vị,FALSE,,,img_1402.jpg,FALSE
1402,Military Dictionary,BOLD (battlefield operations laser designator),,,,máy lade chỉ thị mục tiêu chiến thuật,FALSE,,,img_1402.jpg,FALSE
1402,Military Dictionary,Bomb (bombardment),,,,"oanh tạc, oanh kích",FALSE,,,img_1402.jpg,FALSE
1402,Military Dictionary,"Bomb (Sq) (GP) (WG) (L) (M) (H) (bomber (squadron), (group), (wing), (light), (medium), (heavy))",,,,"máy bay ném bom (phi đội), (liên phi đội), (phi đoàn), (hạng nhẹ), (hạng trung), (hạng nặng)",FALSE,,,img_1402.jpg,FALSE
1402,Military Dictionary,BOMREP (bombing report),,,,(bản) báo cáo về oanh tạc của không quân địch,FALSE,,,img_1402.jpg,FALSE
1402,Military Dictionary,BOP (basic operations plan),,,,"kế hoạch tác chiến cơ bản, kế hoạch chiến dịch cơ bản",FALSE,,,img_1402.jpg,FALSE
1403,Military Dictionary,BOQ (bachelor officer's quarters),,,,nhà ở cho sĩ quan độc thân,FALSE,,,img_1403.jpg,FALSE
1403,Military Dictionary,BOR (British other ranks),,,,đội ngũ binh sĩ quân đội Anh,FALSE,,,img_1403.jpg,FALSE
1403,Military Dictionary,BOS (base operating support),,,,sự bảo đảm vận hành căn cứ,FALSE,,,img_1403.jpg,FALSE
1403,Military Dictionary,BOS (battlefield operating systems),,,,tổ hợp vũ khí tác chiến (cấp) chiến thuật,FALSE,,,img_1403.jpg,FALSE
1403,Military Dictionary,BOSG (base operations support group),,,,cụm chi viện tác chiến phòng thủ căn cứ,FALSE,,,img_1403.jpg,FALSE
1403,Military Dictionary,BOSO (bureau of ordnance shipment order),,,,lệnh gửi hàng của phòng quân dụng,FALSE,,,img_1403.jpg,FALSE
1403,Military Dictionary,BOSS (ballistic optimizing shooting system),,,,hệ thống ngắm bắn theo đường đạn tối ưu,FALSE,,,img_1403.jpg,FALSE
1403,Military Dictionary,BOW (basic operating weight),,,,trọng lượng tác chiến cơ bản; khối lượng hoạt động cơ bản,FALSE,,,img_1403.jpg,FALSE
1403,Military Dictionary,BP (base point),,,,"mốc định hướng chính; vật chuẩn chính, điểm chuẩn; điểm đáy",FALSE,,,img_1403.jpg,FALSE
1403,Military Dictionary,BP (battle position),,,,vị trí chiến đấu; trận địa chiến đấu,FALSE,,,img_1403.jpg,FALSE
1403,Military Dictionary,BP (beach party),,,,"đội bờ biển, nhóm bờ biển; toán gần bờ; (hq) phân đội bảo đảm đổ bộ đường biển",FALSE,,,img_1403.jpg,FALSE
1403,Military Dictionary,BP (black powder),,,,"thuốc (súng) đen, thuốc phóng có khói",FALSE,,,img_1403.jpg,FALSE
1403,Military Dictionary,BPD (blood products depot),,,,kho sản phẩm máu,FALSE,,,img_1403.jpg,FALSE
1403,Military Dictionary,BPDMS (base point defence missile system),,,,hệ thống tên lửa phòng thủ cứ điểm,FALSE,,,img_1403.jpg,FALSE
1403,Military Dictionary,BPE (bomber penetration evaluation),,,,(bản) đánh giá khả năng xâm nhập (của) máy bay ném bom,FALSE,,,img_1403.jpg,FALSE
1403,Military Dictionary,BPO (base pay office),,,,trạm phát tiền của căn cứ,FALSE,,,img_1403.jpg,FALSE
1403,Military Dictionary,BPO (blood program office),,,,văn phòng chương trình máu,FALSE,,,img_1403.jpg,FALSE
1403,Military Dictionary,"BPPBS (bi-annual planning, programming, and budget system)",,,,"hệ thống lập kế hoạch, lập trình và ngân sách một năm hai lần",FALSE,,,img_1403.jpg,FALSE
1403,Military Dictionary,BPR (bypass ratio),,,,hệ số phân luồng,FALSE,,,img_1403.jpg,FALSE
1403,Military Dictionary,BPRF (bulletproof),,,,"(thuộc) chống đạn, (thuộc) đạn không xuyên qua",FALSE,,,img_1403.jpg,FALSE
1403,Military Dictionary,BPS (basic psychological operations study),,,,nghiên cứu hoạt động tâm lý chiến cơ bản,FALSE,,,img_1403.jpg,FALSE
1403,Military Dictionary,BPSK (bi-phase shift keying),,,,thiết bị tạo mã dịch pha nhị phân,FALSE,,,img_1403.jpg,FALSE
1403,Military Dictionary,BPT (beach party team),,,,đội bảo đảm bãi đổ bộ,FALSE,,,img_1403.jpg,FALSE
1403,Military Dictionary,BPWRR (bulk petroleum war reserve requirement),,,,nhu cầu dự trữ xăng dầu cho chiến tranh,FALSE,,,img_1403.jpg,FALSE
1403,Military Dictionary,BPWRS (bulk petroleum war reserve stocks),,,,các kho dự trữ xăng dầu cho chiến tranh,FALSE,,,img_1403.jpg,FALSE
1403,Military Dictionary,BQMS (battery quartermaster sergeant),,,,trung sĩ hậu cần đại đội pháo binh,FALSE,,,img_1403.jpg,FALSE
1403,Military Dictionary,Br (branch),,,,binh chủng; ngành (nghiệp vụ); phòng; ban; cục; đơn vị (tham mưu),FALSE,,,img_1403.jpg,FALSE
1403,Military Dictionary,Br (bridge),,,,cầu,FALSE,,,img_1403.jpg,FALSE
1403,Military Dictionary,BR (budget review),,,,xem xét lại ngân sách; duyệt ngân sách,FALSE,,,img_1403.jpg,FALSE
1403,Military Dictionary,br tr (bridge train),,,,đội cầu; trạm cầu phao; trạm cầu vượt,FALSE,,,img_1403.jpg,FALSE
1403,Military Dictionary,"BRA (Brigadier, Royal Artillery)",,,,(Anh) lữ đoàn trưởng pháo binh; chuẩn tướng pháo binh,FALSE,,,img_1403.jpg,FALSE
1403,Military Dictionary,BRA (British Regular Army),,,,"quân đội chính quy Anh, quân đội chủ lực liên hiệp Anh",FALSE,,,img_1403.jpg,FALSE
1403,Military Dictionary,"BRAAA (Brigadier, Royal Antiaircraft Artillery)",,,,(Anh) lữ đoàn trưởng pháo phòng không; chuẩn tướng pháo phòng không,FALSE,,,img_1403.jpg,FALSE
1403,Military Dictionary,"BRAC (Brigadier, Royal Armoured Corps)",,,,(Anh) thiếu tướng tư lệnh quân đoàn tăng thiết giáp,FALSE,,,img_1403.jpg,FALSE
1403,Military Dictionary,branne (bombing radar navigation equipment),,,,thiết bị dẫn đường ném bom bằng rađa,FALSE,,,img_1403.jpg,FALSE
1403,Military Dictionary,BRASCO (Brigade Royal Army Service Corps Officer),,,,người chỉ huy ngành bảo đảm và tiếp vận lữ đoàn; sĩ quan ngành bảo đảm và tiếp vận lữ đoàn,FALSE,,,img_1403.jpg,FALSE
1403,Military Dictionary,BRC (base recovery course),,,,quá trình khôi phục căn cứ,FALSE,,,img_1403.jpg,FALSE
1404,Military Dictionary,BRD (bomb release distance),,,,khoảng cách ném bom,FALSE,,,img_1404.jpg,FALSE
1404,Military Dictionary,BRDM (bronirovannaya razvedyvatyelno dozornaya (armored reconnaissance patrol vehicle)),,,,(Nga) xe tuần tiễu trinh sát bọc thép BRDM,FALSE,,,img_1404.jpg,FALSE
1404,Military Dictionary,BRE (battlefield recovery & evacuation),,,,(hoạt động) cứu kéo trên chiến trường,FALSE,,,img_1404.jpg,FALSE
1404,Military Dictionary,brev (brevet),,,,quyết định phong quân hàm (nhưng không lên lương),FALSE,,,img_1404.jpg,FALSE
1404,Military Dictionary,brg (bearing),,,,"phương vị, góc phương vị, góc hướng",FALSE,,,img_1404.jpg,FALSE
1404,Military Dictionary,brg (bridge),,,,cầu,FALSE,,,img_1404.jpg,FALSE
1404,Military Dictionary,Brg Co (bridge company),,,,"đại đội cầu, đại đội công binh bắc cầu",FALSE,,,img_1404.jpg,FALSE
1404,Military Dictionary,BRGHD; Brh; brhd (bridgehead),,,,đầu cầu; căn cứ đầu cầu; vị trí đầu cầu,FALSE,,,img_1404.jpg,FALSE
1404,Military Dictionary,brig (brigade),,,,lữ đoàn,FALSE,,,img_1404.jpg,FALSE
1404,Military Dictionary,brig (brigadier),,,,lữ đoàn trưởng; (Anh) chuẩn tướng,FALSE,,,img_1404.jpg,FALSE
1404,Military Dictionary,Brig Gen (brigadier general),,,,tướng cấp lữ đoàn,FALSE,,,img_1404.jpg,FALSE
1404,Military Dictionary,Brig. Comdr. (brigade commander),,,,"lữ đoàn trưởng, chỉ huy trưởng lữ đoàn",FALSE,,,img_1404.jpg,FALSE
1404,Military Dictionary,Brig-Gen (brigadier-general),,,,tướng cấp lữ đoàn; (Mỹ) chuẩn tướng không quân,FALSE,,,img_1404.jpg,FALSE
1404,Military Dictionary,BRL (bomb release line),,,,"tuyến ném bom, tuyến cắt bom",FALSE,,,img_1404.jpg,FALSE
1404,Military Dictionary,BRP (braked retarded parachute),,,,dù hãm,FALSE,,,img_1404.jpg,FALSE
1404,Military Dictionary,Brs (bridges),,,,những chiếc cầu,FALSE,,,img_1404.jpg,FALSE
1404,Military Dictionary,BS Trc (bomb service truck),,,,xe chở bom,FALSE,,,img_1404.jpg,FALSE
1404,Military Dictionary,BS (battle staff),,,,binh đội chiến đấu (của) cơ quan tham mưu,FALSE,,,img_1404.jpg,FALSE
1404,Military Dictionary,BSA (beach support area),,,,khu vực chi viện bãi đổ bộ,FALSE,,,img_1404.jpg,FALSE
1404,Military Dictionary,BSA (brigade support area),,,,khu vực chi viện của lữ đoàn,FALSE,,,img_1404.jpg,FALSE
1404,Military Dictionary,BSC (black station clock),,,,lịch liên lạc tại trạm mật,FALSE,,,img_1404.jpg,FALSE
1404,Military Dictionary,BSC ro (black station clock receive out),,,,không được liên lạc với trạm mật,FALSE,,,img_1404.jpg,FALSE
1404,Military Dictionary,BSD (Ballistic Systems Division),,,,cục hệ thống đạn đạo,FALSE,,,img_1404.jpg,FALSE
1404,Military Dictionary,BSFV (Bratley Stinger fighting vehicle),,,,xe chiến đấu Brátlây Stingơ,FALSE,,,img_1404.jpg,FALSE
1404,Military Dictionary,BSL (bomb safety line),,,,tuyến ném bom an toàn,FALSE,,,img_1404.jpg,FALSE
1404,Military Dictionary,BSM (battery sergeant major),,,,chuẩn uý đại đội pháo binh,FALSE,,,img_1404.jpg,FALSE
1404,Military Dictionary,BSM (Bronze Star Medal),,,,"huy chương ""Sao đồng"" (vì tham gia một trận đánh)",FALSE,,,img_1404.jpg,FALSE
1404,Military Dictionary,BSP (base support plan),,,,kế hoạch chi viện hoả lực của căn cứ; kế hoạch bảo đảm chi viện của căn cứ,FALSE,,,img_1404.jpg,FALSE
1404,Military Dictionary,bsr (balloon-supported rockets),,,,tên lửa đặt trên khí cầu,FALSE,,,img_1404.jpg,FALSE
1404,Military Dictionary,BSSG (brigade service support group),,,,nhóm bảo đảm hậu cần chiến đấu của lữ đoàn,FALSE,,,img_1404.jpg,FALSE
1404,Military Dictionary,BSU (blood supply unit),,,,đơn vị tiếp tế máu,FALSE,,,img_1404.jpg,FALSE
1404,Military Dictionary,BT (ballast tank),,,,khoang chứa nước (trong tàu ngầm để giữ cho tàu thăng bằng),FALSE,,,img_1404.jpg,FALSE
1404,Military Dictionary,BT (base trainer),,,,(kq) máy bay huấn luyện bay cơ bản,FALSE,,,img_1404.jpg,FALSE
1404,Military Dictionary,BT (basic training),,,,"sự huấn luyện cơ bản, sự huấn luyện mở đầu; khoá huấn luyện chiến đấu cơ bản",FALSE,,,img_1404.jpg,FALSE
1404,Military Dictionary,BT (bullet trap),,,,"bẫy đạn, bộ giữ đạn",FALSE,,,img_1404.jpg,FALSE
1404,Military Dictionary,BTA (best technical approach),,,,(kq) sự tiếp cận hạ cánh bằng kỹ thuật tối ưu; sự tiếp cận mục tiêu bằng kỹ thuật tối ưu,FALSE,,,img_1404.jpg,FALSE
1404,Military Dictionary,BTB (believed-to-be),,,,tin là có; tin là đúng,FALSE,,,img_1404.jpg,FALSE
1404,Military Dictionary,BTC (blood transshipment center),,,,trung tâm truyền máu,FALSE,,,img_1404.jpg,FALSE
1404,Military Dictionary,BTE (brake thermal efficiency),,,,nhiệt năng của phanh,FALSE,,,img_1404.jpg,FALSE
1404,Military Dictionary,BTF (ballistic test facility),,,,thiết bị thử nghiệm đường đạn,FALSE,,,img_1404.jpg,FALSE
1404,Military Dictionary,BTG (basic target graphic),,,,sơ đồ mục tiêu chủ yếu,FALSE,,,img_1404.jpg,FALSE
1404,Military Dictionary,BTO (bombing through overcast),,,,sự ném bom từ sau đám mây,FALSE,,,img_1404.jpg,FALSE
1404,Military Dictionary,BTOC (battalion tactical operations center),,,,trung tâm chỉ huy tác chiến chiến thuật tiểu đoàn,FALSE,,,img_1404.jpg,FALSE
1405,Military Dictionary,BTR (brone transporter (armored transporter)),,,,"(Nga) xe vận tải bọc thép BTR, xe thiết giáp vận tải",FALSE,,,img_1405.jpg,FALSE
1405,Military Dictionary,BTRY; Btry; btry (battery),,,,pin; ắc quy; (Mỹ) khẩu đội pháo; đại đội pháo,FALSE,,,img_1405.jpg,FALSE
1405,Military Dictionary,Btry comdr (battery commander),,,,đại đội trưởng pháo binh; (Mỹ) khẩu đội trưởng,FALSE,,,img_1405.jpg,FALSE
1405,Military Dictionary,BTRY HQ (battery headquarters),,,,sở chỉ huy đại đội pháo; ban chỉ huy đại đội pháo binh,FALSE,,,img_1405.jpg,FALSE
1405,Military Dictionary,BTT (basic training target),,,,bia huấn luyện cơ bản,FALSE,,,img_1405.jpg,FALSE
1405,Military Dictionary,BTU (beach termination unit),,,,đơn vị chuẩn bị hoàn chỉnh bãi đổ bộ đường biển,FALSE,,,img_1405.jpg,FALSE
1405,Military Dictionary,BTU (British thermal unit),,,,đơn vị nhiệt của Anh (bằng 252 calo),FALSE,,,img_1405.jpg,FALSE
1405,Military Dictionary,"BTU (bullet trap, universal)",,,,bẫy đạn thông dụng,FALSE,,,img_1405.jpg,FALSE
1405,Military Dictionary,BTWC (Biological & Toxin Weaponry Convention),,,,công ước (quốc tế) về vũ khí sinh học và chất độc,FALSE,,,img_1405.jpg,FALSE
1405,Military Dictionary,Bu (bureau),,,,cục; nha; vụ; phòng,FALSE,,,img_1405.jpg,FALSE
1405,Military Dictionary,Bu; bush (bushel),,,,thùng 35 lít,FALSE,,,img_1405.jpg,FALSE
1405,Military Dictionary,BUIC (back-up intercep control),,,,(thiết bị) điều khiển đánh chặn dự phòng (phòng không),FALSE,,,img_1405.jpg,FALSE
1405,Military Dictionary,BUIC (back-up interceptor control),,,,hệ thống điều khiển các phương tiện đánh chặn đường không dự bị; tổ hợp điều khiển máy bay đánh chặn đường không dự bị,FALSE,,,img_1405.jpg,FALSE
1405,Military Dictionary,BUL (bulletin),,,,"thông cáo, thông báo; bản tin",FALSE,,,img_1405.jpg,FALSE
1405,Military Dictionary,BULK (bulk cargo),,,,hàng hoá đóng thùng,FALSE,,,img_1405.jpg,FALSE
1405,Military Dictionary,BV (boost vehicle),,,,thiết bị tăng tốc,FALSE,,,img_1405.jpg,FALSE
1405,Military Dictionary,BVR (beyond visual range),,,,"ngoài tầm quan sát, ngoài tầm nhìn thấy được, vượt tầm nhìn",FALSE,,,img_1405.jpg,FALSE
1405,Military Dictionary,BW (bacteriological warhead),,,,(tl) phần chiến đấu mang đầu đạn vi trùng; phần chiến đấu mang đầu đạn sinh học,FALSE,,,img_1405.jpg,FALSE
1405,Military Dictionary,BW (bacteriological weapons),,,,vũ khí vi trùng,FALSE,,,img_1405.jpg,FALSE
1405,Military Dictionary,BW (basic weapons),,,,"vũ khí chủ yếu, vũ khí cơ bản",FALSE,,,img_1405.jpg,FALSE
1405,Military Dictionary,BW (biological warfare),,,,"chiến tranh sinh học, tác chiến vi trùng",FALSE,,,img_1405.jpg,FALSE
1405,Military Dictionary,BW (biological weapons),,,,vũ khí sinh học; phương tiện chiến tranh sinh học,FALSE,,,img_1405.jpg,FALSE
1405,Military Dictionary,BWC (Biological Weapons Convention),,,,công ước Liên hiệp quốc về cấm và thủ tiêu vũ khí sinh học,FALSE,,,img_1405.jpg,FALSE
1405,Military Dictionary,bw-cw (biological warfare-chemical warfare),,,,chiến tranh sinh - hóa; tác chiến hóa học và sinh học,FALSE,,,img_1405.jpg,FALSE
1405,Military Dictionary,BWM (British War Medal),,,,huy chương quân sự vương quốc Anh,FALSE,,,img_1405.jpg,FALSE
1405,Military Dictionary,Bx (box),,,,"hộp, gói",FALSE,,,img_1405.jpg,FALSE
1405,Military Dictionary,BY (budget year),,,,năm tài chính,FALSE,,,img_1405.jpg,FALSE
1405,Military Dictionary,BZ (buffer zone),,,,vùng đệm,FALSE,,,img_1405.jpg,FALSE
1406,Military Dictionary,C (camp),,,,"(k. hiệu) vị trí đóng quân; doanh trại; lối sống kiểu ""trại lính""",FALSE,,,img_1406.jpg,FALSE
1406,Military Dictionary,C (carrier),,,,(k. hiệu) phương tiện vận tải; xe vận tải (bọc thép); máy bay vận tải; tàu sân bay,FALSE,,,img_1406.jpg,FALSE
1406,Military Dictionary,C (combat),,,,"trận chiến đấu, trận đánh; (thuộc) chiến đấu",FALSE,,,img_1406.jpg,FALSE
1406,Military Dictionary,C (commandant),,,,"(k. hiệu) người chỉ huy, tư lệnh (trưởng); hiệu trưởng nhà trường",FALSE,,,img_1406.jpg,FALSE
1406,Military Dictionary,C (corps),,,,(k. hiệu) quân đoàn; (thuộc) quân đoàn,FALSE,,,img_1406.jpg,FALSE
1406,Military Dictionary,C and EWD (clothing and equipment war dept),,,,quân trang và quân dụng,FALSE,,,img_1406.jpg,FALSE
1406,Military Dictionary,C and F (cost and freight),,,,đơn giá bao gồm cả cước vận chuyển,FALSE,,,img_1406.jpg,FALSE
1406,Military Dictionary,C bomb (cobalt bomb),,,,bom côban,FALSE,,,img_1406.jpg,FALSE
1406,Military Dictionary,C car (combat car),,,,(k. hiệu) xe chiến đấu,FALSE,,,img_1406.jpg,FALSE
1406,Military Dictionary,C&A (certification and accreditation),,,,chứng chỉ và công nhận chính thức,FALSE,,,img_1406.jpg,FALSE
1406,Military Dictionary,C&C (command & control),,,,"chỉ huy và điều khiển, hệ thống C2",FALSE,,,img_1406.jpg,FALSE
1406,Military Dictionary,C&L (command and liaison),,,,chỉ huy và thông tin liên lạc,FALSE,,,img_1406.jpg,FALSE
1406,Military Dictionary,C&LAT (cargo and loading analysis table),,,,bảng phân tích hàng hoá và bốc xếp,FALSE,,,img_1406.jpg,FALSE
1406,Military Dictionary,C&N (communication and navigation),,,,thông tin liên lạc và dẫn đường,FALSE,,,img_1406.jpg,FALSE
1406,Military Dictionary,C&T (conversion and training),,,,sự huấn luyện và đào tạo lại,FALSE,,,img_1406.jpg,FALSE
1406,Military Dictionary,C&WCh (caution and warning system check),,,,kiểm tra hệ thống cảnh báo và phòng ngừa,FALSE,,,img_1406.jpg,FALSE
1406,Military Dictionary,C.M.S. (center of mass system),,,,trọng tâm; hệ khối tâm,FALSE,,,img_1406.jpg,FALSE
1406,Military Dictionary,C.of G.S. (chief of general staff),,,,tổng tham mưu trưởng,FALSE,,,img_1406.jpg,FALSE
1406,Military Dictionary,C.R. (compression ratio),,,,tỷ số nén,FALSE,,,img_1406.jpg,FALSE
1406,Military Dictionary,C/A (counterattack),,,,"phản kích, phản công",FALSE,,,img_1406.jpg,FALSE
1406,Military Dictionary,C/C (cabin cruiser),,,,tàu tuần dương có khoang lái kín,FALSE,,,img_1406.jpg,FALSE
1406,Military Dictionary,C/C (cast off and clear),,,,nhổ neo và rời bến,FALSE,,,img_1406.jpg,FALSE
1406,Military Dictionary,C/R (certificate of retirement),,,,giấy chứng nhận về hưu; sổ hưu,FALSE,,,img_1406.jpg,FALSE
1406,Military Dictionary,C/R (counter-rotating (propellers)),,,,cơ cấu phản lực chống quay,FALSE,,,img_1406.jpg,FALSE
1406,Military Dictionary,C/S (chief of staff),,,,tham mưu trưởng,FALSE,,,img_1406.jpg,FALSE
1406,Military Dictionary,C1 (counterintelligence),,,,"phản gián, chống gián điệp",FALSE,,,img_1406.jpg,FALSE
1406,Military Dictionary,C2 (command and control),,,,"(hệ thống) chỉ huy và kiểm soát, hệ thống C2",FALSE,,,img_1406.jpg,FALSE
1406,Military Dictionary,C2 (Conveyer 240 airplane),,,,(k.hiệu) máy bay Convâyơ 240,FALSE,,,img_1406.jpg,FALSE
1406,Military Dictionary,C2-attack (an offensive form of command and control warfare),,,,hình thức tiến công của tác chiến chỉ huy và kiểm soát,FALSE,,,img_1406.jpg,FALSE
1406,Military Dictionary,C2E (command and control element),,,,thành phần chỉ huy và kiểm soát,FALSE,,,img_1406.jpg,FALSE
1406,Military Dictionary,C2IP (Command and Control Initiatives Program),,,,kế hoạch giành thế chủ động chỉ huy và kiểm soát,FALSE,,,img_1406.jpg,FALSE
1407,Military Dictionary,C2IPS (Command and Control Information Processing System),,,,hệ thống xử lý thông tin chỉ huy và kiểm soát,FALSE,,,img_1407.jpg,FALSE
1407,Military Dictionary,C2P (command & control processor),,,,bộ xử lý dữ liệu chỉ huy và kiểm soát,FALSE,,,img_1407.jpg,FALSE
1407,Military Dictionary,C2P (command and control protection),,,,sự bảo vệ chỉ huy và kiểm soát,FALSE,,,img_1407.jpg,FALSE
1407,Military Dictionary,C2-protect (command and control protect (a defensive form of command and control warfare)),,,,bảo vệ chỉ huy và kiểm soát (một dạng phòng ngự của tác chiến chỉ huy và kiểm soát),FALSE,,,img_1407.jpg,FALSE
1407,Military Dictionary,C2S (Command and control support),,,,"sự chi viện chỉ huy và kiểm soát, sự bảo đảm chỉ huy và kiểm soát",FALSE,,,img_1407.jpg,FALSE
1407,Military Dictionary,C2W (command and control warfare),,,,chiến tranh chỉ huy kiểm soát; tác chiến chỉ huy và kiểm soát,FALSE,,,img_1407.jpg,FALSE
1407,Military Dictionary,C2WC (command and control warfare commander),,,,tư lệnh (trưởng) chiến tranh chỉ huy và kiểm soát,FALSE,,,img_1407.jpg,FALSE
1407,Military Dictionary,C3 (command and control and communication),,,,"chỉ huy, kiểm soát và thông tin liên lạc",FALSE,,,img_1407.jpg,FALSE
1407,Military Dictionary,C3 (Conveyer 340 airplane),,,,(k.hiệu) máy bay Convâyơ 340,FALSE,,,img_1407.jpg,FALSE
1407,Military Dictionary,"C3AG (Command, Control, and Communications Advisory Group)",,,,"nhóm cố vấn chỉ huy, kiểm soát và thông tin liên lạc",FALSE,,,img_1407.jpg,FALSE
1407,Military Dictionary,"C3CM (command, control, and communications countermeasures)",,,,"các phương tiện đối phó tác chiến chỉ huy, kiểm soát và thông tin liên lạc",FALSE,,,img_1407.jpg,FALSE
1407,Military Dictionary,"C3I (command and control, communication and intelligence)",,,,"chỉ huy, kiểm soát, thông tin liên lạc và trinh sát; chỉ huy, kiểm soát, thông tin liên lạc và tình báo",FALSE,,,img_1407.jpg,FALSE
1407,Military Dictionary,"C3IC (coalition coordination, communications, and Integration center)",,,,"trung tâm hiệp đồng, thông tin liên lạc và hợp nhất liên quân",FALSE,,,img_1407.jpg,FALSE
1407,Military Dictionary,"C3SMP (Command, Control, and Communications Systems Master Plan)",,,,"kế hoạch tổng thể các hệ thống chỉ huy, kiểm soát và thông tin liên lạc",FALSE,,,img_1407.jpg,FALSE
1407,Military Dictionary,"C4 (command, control, communications, and computers)",,,,"chỉ huy, kiểm soát, thông tin liên lạc và máy tính",FALSE,,,img_1407.jpg,FALSE
1407,Military Dictionary,C4 (Conveyer 440 airplane),,,,(k.hiệu) máy bay Convâyơ 440,FALSE,,,img_1407.jpg,FALSE
1407,Military Dictionary,"C4 systems (command, control, communications, and computer systems)",,,,"các hệ thống chỉ huy, kiểm soát, thông tin liên lạc và máy tính",FALSE,,,img_1407.jpg,FALSE
1407,Military Dictionary,"C4CM (command, control, communications, and computer countermeasures)",,,,"các biện pháp chống chiến tranh chỉ huy, kiểm soát, thông tin liên lạc và máy tính",FALSE,,,img_1407.jpg,FALSE
1407,Military Dictionary,"C4I (command, control, communications, computers, and Intelligence)",,,,"chỉ huy, kiểm soát, thông tin liên lạc, máy tính và tình báo",FALSE,,,img_1407.jpg,FALSE
1407,Military Dictionary,"C4IFTW (command, control, communications, computers, and intelligence for the warrior)",,,,"chỉ huy, kiểm soát, thông tin liên lạc, máy tính và tình báo đối với người lính",FALSE,,,img_1407.jpg,FALSE
1407,Military Dictionary,"C4ISR (command, control, communications, computers, intelligence, surveillance and reconnaissance)",,,,"chỉ huy, kiểm soát, thông tin liên lạc, máy tính, tình báo, quan sát và trinh sát",FALSE,,,img_1407.jpg,FALSE
1407,Military Dictionary,"C4S (command, control, communications, and computer systems)",,,,"các hệ thống chỉ huy, kiểm soát, thông tin liên lạc và máy tính",FALSE,,,img_1407.jpg,FALSE
1407,Military Dictionary,C5 (Conveyer 580 turboprop airplane),,,,(k.hiệu) máy bay tuabin cánh quạt Convâyơ 580,FALSE,,,img_1407.jpg,FALSE
1407,Military Dictionary,C-5A (Lockheed military cargo transport airplane),,,,(k.hiệu) máy bay vận tải quân sự của hãng Lốchít,FALSE,,,img_1407.jpg,FALSE
1407,Military Dictionary,C-123 (Provider twin-engine assault transport),,,,"(k.hiệu) máy bay vận tải xung kích, động cơ kép, mang tên ""Người cung cấp""",FALSE,,,img_1407.jpg,FALSE
1408,Military Dictionary,C-124 (Globemaster heavy cargo four-engine transport airplane),,,,"(k.hiệu) máy bay vận tải hạng nặng bốn động cơ mang tên ""Chủ địa cầu""",FALSE,,,img_1408.jpg,FALSE
1408,Military Dictionary,C-130 (Hercules medium-range cargo and troop transport airplane powered by four turboprop engines),,,,"(k.hiệu) máy bay vận tải và chở quân tầm trung, bốn động cơ tuabin cánh quạt, mang tên ""Hercule""",FALSE,,,img_1408.jpg,FALSE
1408,Military Dictionary,C-133 (Cargomaster heavy four-engine turboprop cargo transport airplane),,,,"(k.hiệu) máy bay vận tải hạng nặng, bốn động cơ tuabin cánh quạt, mang tên ""Kiện tướng vận tải""",FALSE,,,img_1408.jpg,FALSE
1408,Military Dictionary,C-140 (Jet Star support - type transport aircraft powered by four turbojet engines),,,,"(k.hiệu) máy bay vận tải yểm trợ, bốn động cơ tuabin phản lực, mang tên ""Ngôi sao phản lực""",FALSE,,,img_1408.jpg,FALSE
1408,Military Dictionary,C-141 (Starlifter large cargo transport aircraft powered by four turbojet engines),,,,"(k.hiệu) máy bay vận tải hạng nặng, bốn động cơ tua bin phản lực, mang tên ""cầu nâng hàng không""",FALSE,,,img_1408.jpg,FALSE
1408,Military Dictionary,CA (Canada),,,,Canada,FALSE,,,img_1408.jpg,FALSE
1408,Military Dictionary,CA (Civil Affairs (Administration)),,,,cục hành chính về vấn đề dân sự; cơ quan dân vận,FALSE,,,img_1408.jpg,FALSE
1408,Military Dictionary,CA (civil affairs),,,,"các vấn đề dân vận, công tác dân vận",FALSE,,,img_1408.jpg,FALSE
1408,Military Dictionary,CA (combat assessment),,,,đánh giá kết quả trận đánh,FALSE,,,img_1408.jpg,FALSE
1408,Military Dictionary,CA (controller aircraft),,,,máy bay chỉ huy bắn (pháo),FALSE,,,img_1408.jpg,FALSE
1408,Military Dictionary,CA (heavy cruiser),,,,"tàu khu trục hạng nặng; tuần dương hạm hạng nặng, tuần dương hạm có trang bị pháo",FALSE,,,img_1408.jpg,FALSE
1408,Military Dictionary,CA Co (civil affairs company),,,,đại đội công tác dân vận,FALSE,,,img_1408.jpg,FALSE
1408,Military Dictionary,CA/MG; CAMG (civil affairs military government),,,,hành chính quân sự và dân sự,FALSE,,,img_1408.jpg,FALSE
1408,Military Dictionary,CAA (civil air augmentation),,,,sự nâng cấp hàng không dân dụng,FALSE,,,img_1408.jpg,FALSE
1408,Military Dictionary,CAA (Civil Aviation Authority),,,,(UK) nhà chức trách hàng không dân dụng; cục hàng không dân dụng (Anh),FALSE,,,img_1408.jpg,FALSE
1408,Military Dictionary,CAA (Command Arrangement Agreements),,,,các thoả thuận sắp xếp chỉ huy,FALSE,,,img_1408.jpg,FALSE
1408,Military Dictionary,CAAIS (computer aided action information system),,,,hệ thống thu thập thông tin chiến đấu có máy tính hỗ trợ,FALSE,,,img_1408.jpg,FALSE
1408,Military Dictionary,CAB (Canadian Armoured Brigade),,,,lữ đoàn tăng thiết giáp Canada,FALSE,,,img_1408.jpg,FALSE
1408,Military Dictionary,CAB (combat aviation brigade),,,,lữ đoàn không quân chiến đấu (của lục quân),FALSE,,,img_1408.jpg,FALSE
1408,Military Dictionary,CAC (Canadian Armoured Corps),,,,quân đoàn tăng thiết giáp Canada,FALSE,,,img_1408.jpg,FALSE
1408,Military Dictionary,CAC (civil air control),,,,"sự kiểm tra hàng không dân dụng, sự kiểm soát hàng không dân dụng",FALSE,,,img_1408.jpg,FALSE
1408,Military Dictionary,CAC (coast artillery corps),,,,quân đoàn pháo binh bờ biển,FALSE,,,img_1408.jpg,FALSE
1408,Military Dictionary,CAC (combat air command),,,,bộ tư lệnh không quân chiến đấu,FALSE,,,img_1408.jpg,FALSE
1408,Military Dictionary,CAC (combined arms center),,,,trung tâm binh chủng hợp thành của lục quân,FALSE,,,img_1408.jpg,FALSE
1408,Military Dictionary,CAC (Continental Air Command),,,,bộ tư lệnh không quân lục địa,FALSE,,,img_1408.jpg,FALSE
1408,Military Dictionary,CAC (control and coordination),,,,sự chỉ huy và hiệp đồng tác chiến,FALSE,,,img_1408.jpg,FALSE
1408,Military Dictionary,CACS (computer assisted command system),,,,hệ thống chỉ huy có máy tính hỗ trợ,FALSE,,,img_1408.jpg,FALSE
1408,Military Dictionary,CAD (Canadian Armoured Division),,,,sư đoàn tăng thiết giáp Canada,FALSE,,,img_1408.jpg,FALSE
1408,Military Dictionary,CAD (cartridge-activated device),,,,thiết bị kích hoạt quả đạn,FALSE,,,img_1408.jpg,FALSE
1408,Military Dictionary,CAD (cartridge actuated device),,,,thiết bị kích hoạt quả đạn,FALSE,,,img_1408.jpg,FALSE
1408,Military Dictionary,CAD (close-in air defence),,,,phòng không tầm cực gần,FALSE,,,img_1408.jpg,FALSE
1408,Military Dictionary,CAD (computer-assisted design),,,,"sự thiết kế bằng máy tính, sự thiết kế tự động hoá; sự thiết kế có sự trợ giúp của máy tính",FALSE,,,img_1408.jpg,FALSE
1409,Military Dictionary,CAD (combat assault dory),,,,thuyền đổ bộ xung kích,FALSE,,,img_1409.jpg,FALSE
1409,Military Dictionary,CAD/CAM (computer-assisted design/computer-assisted manufacture),,,,sự thiết kế có trợ giúp của máy tính; sản xuất có trợ giúp của máy tính,FALSE,,,img_1409.jpg,FALSE
1409,Military Dictionary,CADB (composite air defense battalion),,,,tiểu đoàn phòng không hỗn hợp,FALSE,,,img_1409.jpg,FALSE
1409,Military Dictionary,CADC (Canada Air Defense Command),,,,bộ tư lệnh phòng không Canada,FALSE,,,img_1409.jpg,FALSE
1409,Military Dictionary,CADF (Central Air Defense Force),,,,lực lượng phòng không trung ương,FALSE,,,img_1409.jpg,FALSE
1409,Military Dictionary,CADF (commucated antenna direction finding),,,,"tìm phương bằng anten chuyển mạch, định phương bằng anten chuyển mạch",FALSE,,,img_1409.jpg,FALSE
1409,Military Dictionary,CADS (containerized ammunition distribution system),,,,hệ thống phân phối đạn dược đóng thùng,FALSE,,,img_1409.jpg,FALSE
1409,Military Dictionary,CADWS (close air defence weapon system),,,,tổ hợp vũ khí phòng không tầm gần,FALSE,,,img_1409.jpg,FALSE
1409,Military Dictionary,CAEMS (Computer-aided Embarkation Management System),,,,hệ thống điều hành bốc xếp trang thiết bị được hỗ trợ bằng máy tính,FALSE,,,img_1409.jpg,FALSE
1409,Military Dictionary,CAF (Canadian Air Force),,,,không quân Canada,FALSE,,,img_1409.jpg,FALSE
1409,Military Dictionary,CAF (Canadian Armed Forces),,,,"lực lượng vũ trang Canada, quân đội Canada",FALSE,,,img_1409.jpg,FALSE
1409,Military Dictionary,CAF (Combat Air Forces),,,,lực lượng không quân chiến đấu,FALSE,,,img_1409.jpg,FALSE
1409,Military Dictionary,CAFE (conventional armed forces in Europe),,,,"lực lượng vũ trang thông thường ở châu Âu, lực lượng vũ trang phi hạt nhân ở châu Âu",FALSE,,,img_1409.jpg,FALSE
1409,Military Dictionary,CAFMS (Computer-assisted force management system),,,,hệ thống quản lý lực lượng được hỗ trợ bằng máy tính,FALSE,,,img_1409.jpg,FALSE
1409,Military Dictionary,CAG (carrier air group),,,,nhóm không quân (trên) tàu sân bay,FALSE,,,img_1409.jpg,FALSE
1409,Military Dictionary,CAG (close approach indicator),,,,bộ chỉ báo tiếp cận (mục tiêu),FALSE,,,img_1409.jpg,FALSE
1409,Military Dictionary,CAGE (Canada automatic ground environment),,,,hệ thống điều khiển phòng không mặt đất bán tự động Canada,FALSE,,,img_1409.jpg,FALSE
1409,Military Dictionary,"CAGRA (Commander, Army Group, Royal Artillery)",,,,(Anh) chỉ huy trưởng pháo binh dã chiến tập đoàn quân,FALSE,,,img_1409.jpg,FALSE
1409,Military Dictionary,"CAGRE (Commander, Army Group, Royal Engineers)",,,,chỉ huy trưởng công binh dã chiến tập đoàn quân,FALSE,,,img_1409.jpg,FALSE
1409,Military Dictionary,CAIMS (conventional ammunition integrated management system),,,,hệ thống quản lý thống nhất đạn dược thông thường,FALSE,,,img_1409.jpg,FALSE
1409,Military Dictionary,CAINS (carrier aircraft inertial navigation system),,,,hệ thống dẫn đường quán tính cho máy bay trên tàu sân bay,FALSE,,,img_1409.jpg,FALSE
1409,Military Dictionary,CAIRC (Caribbean Air Command),,,,"bộ chỉ huy không quân Mỹ ở khu vực biển Caribê, bộ tư lệnh không quân vùng Caribê",FALSE,,,img_1409.jpg,FALSE
1409,Military Dictionary,cal (caliber; calibre),,,,"cỡ (nòng, đạn); lần cỡ (đo độ dài trong súng pháo)",FALSE,,,img_1409.jpg,FALSE
1409,Military Dictionary,CAL; cal (calibration),,,,sự định cỡ; sự hiệu chỉnh,FALSE,,,img_1409.jpg,FALSE
1409,Military Dictionary,Cal. 30 MG (caliber. 30 machine gun),,,,"súng máy cỡ 7,62mm",FALSE,,,img_1409.jpg,FALSE
1409,Military Dictionary,Cal. 50 AAMG (caliber. 50 antiaircraft machine gun),,,,"súng máy phòng không 12,7mm, súng máy cao xạ cỡ 12,7mm",FALSE,,,img_1409.jpg,FALSE
1409,Military Dictionary,CALCM (conventional air-launched cruise missile),,,,tên lửa có cánh thông thường phóng từ trên không,FALSE,,,img_1409.jpg,FALSE
1409,Military Dictionary,CALSU (combat airlift support unit),,,,đơn vị bảo đảm vận chuyển đường không ở khu vực tác chiến; phân đội bảo đảm vận chuyển đường không ở khu vực chiến đấu,FALSE,,,img_1409.jpg,FALSE
1409,Military Dictionary,cam (camouflage),,,,ngụy trang; vật chất và khí tài ngụy trang,FALSE,,,img_1409.jpg,FALSE
1409,Military Dictionary,CAM (chemical agent monitor),,,,máy phát hiện chất độc hoá học,FALSE,,,img_1409.jpg,FALSE
1409,Military Dictionary,CAM (chemical agent munition),,,,đạn hóa học,FALSE,,,img_1409.jpg,FALSE
1409,Military Dictionary,CAM (cockpit-angle measure (crew field of view)),,,,giới hạn góc buồng lái (phạm vi quan sát của kíp lái máy bay),FALSE,,,img_1409.jpg,FALSE
1410,Military Dictionary,CAM (conventional attack missile),,,,tên lửa tiến công (mang đầu đạn) thông thường,FALSE,,,img_1410.jpg,FALSE
1410,Military Dictionary,CAMBS (command activated multi-beam sonobuoy),,,,phao thủy âm nhiều tia kích hoạt bằng lệnh,FALSE,,,img_1410.jpg,FALSE
1410,Military Dictionary,CAMDS (chemical agent munitions disposal system),,,,hệ thống hủy bom đạn hóa học,FALSE,,,img_1410.jpg,FALSE
1410,Military Dictionary,CAML (cargo aircraft minelayer),,,,phương tiện rải mìn từ trên máy bay vận tải; (hq) thiết bị thả thủy lôi (đặt) trên máy bay vận tải,FALSE,,,img_1410.jpg,FALSE
1410,Military Dictionary,CAMPS (consolidated air mobility planning system),,,,hệ thống lập kế hoạch cơ động đường không hợp nhất,FALSE,,,img_1410.jpg,FALSE
1410,Military Dictionary,CAMS (combat aviation management system),,,,hệ thống điều hành không quân chiến đấu,FALSE,,,img_1410.jpg,FALSE
1410,Military Dictionary,CAMT (countering air and missile threats),,,,sự đối phó với các mối đe doạ trên không và tên lửa,FALSE,,,img_1410.jpg,FALSE
1410,Military Dictionary,CAN 5 (Committee on Aircraft Noise (ICAO - rules for new designs of aircraft)),,,,uỷ ban về tiếng ồn của máy bay 5 (luật dùng cho mẫu thiết kế máy bay mới),FALSE,,,img_1410.jpg,FALSE
1410,Military Dictionary,CANA (convalescent antidote for nerve agent),,,,thuốc giải chất độc thần kinh,FALSE,,,img_1410.jpg,FALSE
1410,Military Dictionary,canc (canceled),,,,"huỷ bỏ, bãi bỏ, xoá bỏ; thủ tiêu",FALSE,,,img_1410.jpg,FALSE
1410,Military Dictionary,CANE (computer aided navigation equipment),,,,thiết bị dẫn đường có máy tính hỗ trợ,FALSE,,,img_1410.jpg,FALSE
1410,Military Dictionary,CANR (Canadian NORAD region),,,,vùng phòng thủ không gian vũ trụ Bắc Mỹ thuộc Canada,FALSE,,,img_1410.jpg,FALSE
1410,Military Dictionary,CANUKUS (Canada-United Kingdom-United States),,,,Canada - Anh - Mỹ,FALSE,,,img_1410.jpg,FALSE
1410,Military Dictionary,CANUS (Canada-United States),,,,Canada - Mỹ,FALSE,,,img_1410.jpg,FALSE
1410,Military Dictionary,CAO (chief administrative officer),,,,sĩ quan chỉ huy trưởng quản lý hành chính,FALSE,,,img_1410.jpg,FALSE
1410,Military Dictionary,CAO (contract administration office),,,,cơ quan quản lí hợp đồng,FALSE,,,img_1410.jpg,FALSE
1410,Military Dictionary,CAO (counterair operations),,,,tác chiến phòng không,FALSE,,,img_1410.jpg,FALSE
1410,Military Dictionary,CAO SOP (standing operating procedures for coordination of atomic operations),,,,quy trình thực hiện thường xuyên về hiệp đồng tác chiến nguyên tử,FALSE,,,img_1410.jpg,FALSE
1410,Military Dictionary,CAOC (combat air operations center),,,,trung tâm chỉ huy tác chiến của không quân chiến đấu,FALSE,,,img_1410.jpg,FALSE
1410,Military Dictionary,CAOC (combined air operations center),,,,trung tâm chỉ huy tác chiến của không quân hợp thành,FALSE,,,img_1410.jpg,FALSE
1410,Military Dictionary,cap (capacity),,,,dung tích,FALSE,,,img_1410.jpg,FALSE
1410,Military Dictionary,CAP (carrier air patrol),,,,tuần tiễu bằng máy bay trên tàu sân bay,FALSE,,,img_1410.jpg,FALSE
1410,Military Dictionary,Cap (Civil Air Patrol),,,,đội tuần tiễu hàng không dân dụng,FALSE,,,img_1410.jpg,FALSE
1410,Military Dictionary,CAP (combat air patrol),,,,tuần tiễu chiến đấu trên không; đội tuần tiễu chiến đấu trên không,FALSE,,,img_1410.jpg,FALSE
1410,Military Dictionary,CAP (crisis action planning),,,,sự lập kế hoạch giải quyết khủng hoảng,FALSE,,,img_1410.jpg,FALSE
1410,Military Dictionary,CAPES (capability evaluation system),,,,hệ thống đánh giá khả năng; hệ thống đánh giá trạng thái sẵn sàng của lực lượng và trang bị kỹ thuật,FALSE,,,img_1410.jpg,FALSE
1410,Military Dictionary,Capt (captain),,,,"đại uý; thuyền trưởng, hạm trưởng; cơ trưởng (máy bay); đại tá không quân",FALSE,,,img_1410.jpg,FALSE
1410,Military Dictionary,car (carrier),,,,"phương tiện vận tải; xe vận tải (bọc thép); máy bay vận tải; tàu sân bay, hàng không mẫu hạm",FALSE,,,img_1410.jpg,FALSE
1410,Military Dictionary,CAR (Chief of the Army Reserve),,,,tư lệnh (trưởng) lực lượng dự bị lục quân,FALSE,,,img_1410.jpg,FALSE
1410,Military Dictionary,CAR (Civil Airworthiness Regulations),,,,"quy tắc tính khả phi dân dụng, quy định về khả năng đủ điều kiện bay của hàng không dân dụng",FALSE,,,img_1410.jpg,FALSE
1410,Military Dictionary,CARDA (Continental United States airborne reconnaissance for damage assessment),,,,sự trinh sát đường không phần lục địa nước Mỹ để đánh giá tổn thất,FALSE,,,img_1410.jpg,FALSE
1410,Military Dictionary,CARDA (Continental United States area reconnaissance for damage assessment),,,,sự trinh sát khu vực phần lục địa nước Mỹ để đánh giá tổn thất,FALSE,,,img_1410.jpg,FALSE
1411,Military Dictionary,CARDE (Canadian Armament Research and Development Establishment),,,,viện nghiên cứu vũ khí Canada,FALSE,,,img_1411.jpg,FALSE
1411,Military Dictionary,CARIBCOM (Caribbean Command),,,,bộ chỉ huy quân đội Mỹ ở khu vực biển Caribê; bộ tư lệnh vùng Caribê,FALSE,,,img_1411.jpg,FALSE
1411,Military Dictionary,CARIBROC (Caribbean Regional Operations Center),,,,trung tâm chỉ huy tác chiến vùng Caribê,FALSE,,,img_1411.jpg,FALSE
1411,Military Dictionary,CARP (computed air release point),,,,điểm cắt bom trên không được tính sẵn,FALSE,,,img_1411.jpg,FALSE
1411,Military Dictionary,CARP (contingency alternate route plan),,,,kế hoạch đường cơ động dự bị trong tình huống bất ngờ,FALSE,,,img_1411.jpg,FALSE
1411,Military Dictionary,carr (carrier),,,,"phương tiện vận tải; xe vận tải (bọc thép); máy bay vận tải; tàu sân bay, hàng không mẫu hạm",FALSE,,,img_1411.jpg,FALSE
1411,Military Dictionary,"CARROTC (Chief, United States Army Reserve and ROTC Affairs)",,,,chủ nhiệm ngành lực lượng dự bị và huấn luyện lục quân Mỹ,FALSE,,,img_1411.jpg,FALSE
1411,Military Dictionary,CARS (combat arms regimental system),,,,hệ thống vũ khí cấp trung đoàn,FALSE,,,img_1411.jpg,FALSE
1411,Military Dictionary,CART (combat aircraft repair team),,,,đội sửa chữa máy bay chiến đấu,FALSE,,,img_1411.jpg,FALSE
1411,Military Dictionary,CAS (calibrated airspeed),,,,tốc độ bay hiệu chỉnh,FALSE,,,img_1411.jpg,FALSE
1411,Military Dictionary,cas (casualty),,,,"bị thương, bị tiêu diệt; bị giết; thương vong",FALSE,,,img_1411.jpg,FALSE
1411,Military Dictionary,CAS (casualty assessment system),,,,phương pháp đánh giá thương vong,FALSE,,,img_1411.jpg,FALSE
1411,Military Dictionary,CAS (Chief of the Air Staff),,,,tham mưu trưởng không quân; tham mưu trưởng binh đoàn không quân; tham mưu trưởng liên binh đoàn không quân,FALSE,,,img_1411.jpg,FALSE
1411,Military Dictionary,CAS (close air support),,,,chi viện hoả lực không quân trực tiếp; chi viện không quân trực tiếp,FALSE,,,img_1411.jpg,FALSE
1411,Military Dictionary,CASC (Canadian Army Service Corps),,,,ngành hậu cần lục quân Canada,FALSE,,,img_1411.jpg,FALSE
1411,Military Dictionary,CASCAD (close air support cargo dispenser),,,,(kq) thiết bị tự động thả giấy bạc gây nhiễu vô tuyến điện chi viện trực tiếp cho không quân; máy tự động thả giấy tráng kim chống rada bảo đảm trực tiếp cho máy bay,FALSE,,,img_1411.jpg,FALSE
1411,Military Dictionary,Casevac (casualty evacuation),,,,sự tản thương,FALSE,,,img_1411.jpg,FALSE
1411,Military Dictionary,CASEX (combined anti-submarine exercise),,,,cuộc diễn tập hiệp đồng binh chủng hợp thành chống ngầm,FALSE,,,img_1411.jpg,FALSE
1411,Military Dictionary,CASF (Composite Air Strike Forces),,,,"lực lượng không quân cường kích hỗn hợp, lực lượng tập kích đường không hỗn hợp",FALSE,,,img_1411.jpg,FALSE
1411,Military Dictionary,CASP (casualty staging point),,,,trạm chuyển thương,FALSE,,,img_1411.jpg,FALSE
1411,Military Dictionary,CASP (computer-aided search planning),,,,sự lập kế hoạch tìm kiếm được hỗ trợ bằng máy tính,FALSE,,,img_1411.jpg,FALSE
1411,Military Dictionary,CASREP (casualty report),,,,báo cáo tình hình thương vong,FALSE,,,img_1411.jpg,FALSE
1411,Military Dictionary,CASREQ (close air support request),,,,yêu cầu chi viện hoả lực không quân trực tiếp,FALSE,,,img_1411.jpg,FALSE
1411,Military Dictionary,CASS (camouflage support system),,,,phương pháp bảo đảm ngụy trang,FALSE,,,img_1411.jpg,FALSE
1411,Military Dictionary,CASS (close air support system),,,,hệ thống chi viện đường không trực tiếp,FALSE,,,img_1411.jpg,FALSE
1411,Military Dictionary,CASS (command active sonobuoy),,,,phao thủy âm chủ động kích hoạt bằng lệnh,FALSE,,,img_1411.jpg,FALSE
1411,Military Dictionary,CAST (combined arms staff trainer),,,,thiết bị huấn luyện tham mưu binh chủng hợp thành,FALSE,,,img_1411.jpg,FALSE
1411,Military Dictionary,CASTOR (corps airborne stand-off radar),,,,rada ngoài tầm hỏa lực phòng thủ (cấp) quân đoàn đặt trên máy bay,FALSE,,,img_1411.jpg,FALSE
1411,Military Dictionary,CasuRC (casualty reception center),,,,trạm tiếp nhận thương bệnh binh,FALSE,,,img_1411.jpg,FALSE
1411,Military Dictionary,CASWS (close air support weapon system),,,,tổ hợp vũ khí chi viện đường không trực tiếp,FALSE,,,img_1411.jpg,FALSE
1411,Military Dictionary,CASY (carrier aircraft service unit),,,,đơn vị phục vụ không quân vận tải; phân đội phục vụ không quân vận tải,FALSE,,,img_1411.jpg,FALSE
1412,Military Dictionary,CAT (category),,,,thứ; loại; hạng,FALSE,,,img_1412.jpg,FALSE
1412,Military Dictionary,CAT (combat aircraft technology),,,,công nghệ máy bay chiến đấu,FALSE,,,img_1412.jpg,FALSE
1412,Military Dictionary,CAT (control and assessment team),,,,đội đánh giá kết quả đòn tiến công hạt nhân,FALSE,,,img_1412.jpg,FALSE
1412,Military Dictionary,CAT/FCS (command adjusted trajectory/fire control system),,,,tổ hợp điều chỉnh đạn đạo / chỉ huy hỏa lực theo lệnh,FALSE,,,img_1412.jpg,FALSE
1412,Military Dictionary,CAT/LCV (Combined Arms Team/Lightweight Combat Vehicle),,,,(US) xe chiến đấu hạng nhẹ và phân đội binh chủng hợp thành,FALSE,,,img_1412.jpg,FALSE
1412,Military Dictionary,CATAC (Central Allied Tactical Air Command),,,,"bộ chỉ huy không quân chiến thuật của liên quân NATO ở khu vực Trung Âu, bộ tư lệnh không quân chiến thuật của liên quân NATO ở khu vực Trung Âu",FALSE,,,img_1412.jpg,FALSE
1412,Military Dictionary,CATCC (carrier air traffic control center),,,,trung tâm kiểm soát không lưu trên tàu sân bay,FALSE,,,img_1412.jpg,FALSE
1412,Military Dictionary,"CATF (commander, amphibious task force)",,,,chỉ huy trưởng lực lượng đặc nhiệm xe lội nước đổ bộ,FALSE,,,img_1412.jpg,FALSE
1412,Military Dictionary,CATFAE (catapult launched fuel-air explosive),,,,lượng nổ nhiên liệu khí phóng bằng máy (phóng),FALSE,,,img_1412.jpg,FALSE
1412,Military Dictionary,catk (counterattack),,,,phản công; phản kích,FALSE,,,img_1412.jpg,FALSE
1412,Military Dictionary,CATO (combat arms training organization),,,,sự tổ chức huấn luyện binh chủng chiến đấu,FALSE,,,img_1412.jpg,FALSE
1412,Military Dictionary,CATT-B (Component Advanced Technology Test-Bed),,,,(US) giá thử nghiệm công nghệ tiên tiến hợp thành,FALSE,,,img_1412.jpg,FALSE
1412,Military Dictionary,CATTS (combined arms tactical training simulator),,,,thiết bị mô phỏng huấn luyện chiến thuật binh chủng hợp thành,FALSE,,,img_1412.jpg,FALSE
1412,Military Dictionary,CAU (central alarm unit),,,,khối báo động trung tâm,FALSE,,,img_1412.jpg,FALSE
1412,Military Dictionary,CAU (crypto auxiliary unit),,,,thiết bị mã hoá phụ,FALSE,,,img_1412.jpg,FALSE
1412,Military Dictionary,CAU (cryptographic auxiliary unit),,,,thiết bị mã hoá bổ trợ,FALSE,,,img_1412.jpg,FALSE
1412,Military Dictionary,CAV (cavalry),,,,kỵ binh bọc thép; kỵ binh bay,FALSE,,,img_1412.jpg,FALSE
1412,Military Dictionary,CAV (composite armored vehicle),,,,(Mỹ) xe thiết giáp compôzit,FALSE,,,img_1412.jpg,FALSE
1412,Military Dictionary,"Cav (Brig) (Div) (cavalry (brigade), (division))",,,,"(sư đoàn), (lữ đoàn) kỵ binh bọc thép",FALSE,,,img_1412.jpg,FALSE
1412,Military Dictionary,Cav DHQ (cavalry division headquarters),,,,sở chỉ huy sư đoàn kỵ binh bay; bộ chỉ huy sư đoàn kỵ binh bọc thép,FALSE,,,img_1412.jpg,FALSE
1412,Military Dictionary,CAV SQDN (cavalry squadron),,,,tiểu đoàn kỵ binh bọc thép; tiểu đoàn kỵ binh bay,FALSE,,,img_1412.jpg,FALSE
1412,Military Dictionary,CAVU (ceiling and visibility unlimited),,,,trần mây và tầm nhìn không hạn chế,FALSE,,,img_1412.jpg,FALSE
1412,Military Dictionary,CAW (carrier air wing),,,,phi đoàn không quân tàu sân bay,FALSE,,,img_1412.jpg,FALSE
1412,Military Dictionary,CAW/ESS (crisis action weather and environmental support system),,,,hệ thống bảo đảm khí tượng và môi trường cho hoạt động giải quyết khủng hoảng,FALSE,,,img_1412.jpg,FALSE
1412,Military Dictionary,CAWS (cannon artillery weapons systems),,,,pháo nòng dài thuộc hệ thống vũ khí pháo binh,FALSE,,,img_1412.jpg,FALSE
1412,Military Dictionary,CAWS (close assault weapon system),,,,hệ thống vũ khí tiến công (công kích) trực tiếp,FALSE,,,img_1412.jpg,FALSE
1412,Military Dictionary,CAX (computer-assisted exercise),,,,cuộc diễn tập chỉ huy - tham mưu được hỗ trợ bằng máy tính,FALSE,,,img_1412.jpg,FALSE
1412,Military Dictionary,CB (chemical-biological),,,,(thuộc) hoá - sinh,FALSE,,,img_1412.jpg,FALSE
1412,Military Dictionary,CB (confinement to barracks),,,,cấm trại; giam giữ trong doanh trại,FALSE,,,img_1412.jpg,FALSE
1412,Military Dictionary,CB (construction battalion),,,,"tiểu đoàn xây dựng, tiểu đoàn công binh công trình",FALSE,,,img_1412.jpg,FALSE
1412,Military Dictionary,CB (construction battalion (SEABEES)),,,,tiểu đoàn công binh công trình hải quân,FALSE,,,img_1412.jpg,FALSE
1412,Military Dictionary,CB (counterbattery),,,,(thuộc) phản pháo,FALSE,,,img_1412.jpg,FALSE
1412,Military Dictionary,CBBLS (hundreds of barrels),,,,hàng trăm thùng; hàng trăm nòng súng,FALSE,,,img_1412.jpg,FALSE
1412,Military Dictionary,CBD (Canadian Brigade),,,,lữ đoàn Canada,FALSE,,,img_1412.jpg,FALSE
1412,Military Dictionary,"CBD (chemical, biological defense)",,,,"phòng thủ hoá học, sinh học",FALSE,,,img_1412.jpg,FALSE
1412,Military Dictionary,"CBF (Commander, British Forces)",,,,tư lệnh (trưởng) các lực lượng của Anh,FALSE,,,img_1412.jpg,FALSE
